parameter,limmin,limmax,limminmax,limitCalc_succeeded
S0,-129.05444295202966,129.05444295202966,"(-129.05, 129.05)",True
S1,0,0,"(0.00, 0.00)",False
M0,0,0,"(0.00, 0.00)",False
M1,-59.91295458352235,59.91295458352235,"(-59.91, 59.91)",True
M6,0,0,"(0.00, 0.00)",False
M7,-86.30829683440919,86.30829683440919,"(-86.31, 86.31)",True
T0,-2.1937282136301026,2.1937282136301026,"(-2.19, 2.19)",True
T1,-0.845380897020189,0.845380897020189,"(-0.85, 0.85)",True
T2,-2.6277366470105115,2.6277366470105115,"(-2.63, 2.63)",True
