parameter,limmin,limmax,limminmax,limitCalc_succeeded
S0,-207.24076306897643,207.24076306897643,"(-207.24, 207.24)",True
S1,0,0,"(0.00, 0.00)",False
M0,0,0,"(0.00, 0.00)",False
M1,-74.6522061498875,74.6522061498875,"(-74.65, 74.65)",True
M6,0,0,"(0.00, 0.00)",False
M7,-108.93933771495217,108.93933771495217,"(-108.94, 108.94)",True
T0,-2.4588173236473287,2.458817323647332,"(-2.46, 2.46)",True
T1,-0.9104099966093973,0.9104099966093973,"(-0.91, 0.91)",True
T2,-2.824238638544782,2.824238638544782,"(-2.82, 2.82)",True
