parameter,limmin,limmax,limminmax,limitCalc_succeeded
S0,-157.3301069423319,157.3301069423319,"(-157.33, 157.33)",True
S1,0,0,"(0.00, 0.00)",False
M0,0,0,"(0.00, 0.00)",False
M1,-72.46352524063778,72.46352524063778,"(-72.46, 72.46)",True
M6,0,0,"(0.00, 0.00)",False
M7,-108.13000809528796,108.13000809528796,"(-108.13, 108.13)",True
T0,-2.5549871041255674,2.5549871041255705,"(-2.55, 2.55)",True
T1,-1.0523447150242722,1.0523447150242722,"(-1.05, 1.05)",True
T2,-3.1588992419423034,3.1588992419423034,"(-3.16, 3.16)",True
