parameter,limmin,limmax,limminmax,limitCalc_succeeded
S0,-171.74961932832525,171.74961932832525,"(-171.75, 171.75)",True
S1,-69.6054518535971,69.6054518535971,"(-69.61, 69.61)",True
M0,-1.2283958289157213,1.2283958289157213,"(-1.23, 1.23)",True
M1,-5.094865275520165,5.094865275520165,"(-5.09, 5.09)",True
M6,-2.4567916578314426,2.4567916578314426,"(-2.46, 2.46)",True
M7,-9.86119219160522,9.86119219160522,"(-9.86, 9.86)",True
T0,-0.2060613413885116,0.20606134138851248,"(-0.21, 0.21)",True
T1,-0.29106212516854907,0.29106212516854907,"(-0.29, 0.29)",True
T2,-0.5894363345970935,0.5894363345970935,"(-0.59, 0.59)",True
