parameter,limmin,limmax,limminmax,limitCalc_succeeded
S0,-117.81155108439135,117.81155108439135,"(-117.81, 117.81)",True
S1,-49.904468712029896,49.904468712029896,"(-49.90, 49.90)",True
M0,-1.1440767268516698,1.1440767268516698,"(-1.14, 1.14)",True
M1,-4.340982798363607,4.340982798363607,"(-4.34, 4.34)",True
M6,-2.2881534537033397,2.2881534537033397,"(-2.29, 2.29)",True
M7,-8.614917829134288,8.614917829134288,"(-8.61, 8.61)",True
T0,-0.1853803409743031,0.18538034097430406,"(-0.19, 0.19)",True
T1,-0.24864765733704364,0.24864765733704364,"(-0.25, 0.25)",True
T2,-0.5516254657250282,0.5516254657250282,"(-0.55, 0.55)",True
