parameter,limmin,limmax,limminmax,limitCalc_succeeded
S0,0,0,"(0.00, 0.00)",False
S1,0,0,"(0.00, 0.00)",False
M0,-22.08142148543519,22.08142148543519,"(-22.08, 22.08)",True
M1,-89.52420980396417,89.52420980396417,"(-89.52, 89.52)",True
M6,-44.16284297087038,44.16284297087038,"(-44.16, 44.16)",True
M7,-176.44844712405327,176.44844712405327,"(-176.45, 176.45)",True
T0,-3.5436898426104637,3.5436898426104646,"(-3.54, 3.54)",True
T1,-6.711784012146494,6.711784012146494,"(-6.71, 6.71)",True
T2,-10.69106248737946,10.69106248737946,"(-10.69, 10.69)",True
