parameter,limmin,limmax,limminmax,limitCalc_succeeded
S0,-34.06852313529058,34.06852313529058,"(-34.07, 34.07)",True
S1,-120.8142958339688,120.8142958339688,"(-120.81, 120.81)",True
M0,-10.701125931686223,10.701125931686223,"(-10.70, 10.70)",True
M1,-13.647287201934313,13.647287201934313,"(-13.65, 13.65)",True
M6,-21.402251863372445,21.402251863372445,"(-21.40, 21.40)",True
M7,-19.639310988726677,19.639310988726677,"(-19.64, 19.64)",True
T0,-0.6146473374453041,0.6146473374453033,"(-0.61, 0.61)",True
T1,-0.2377024654461046,0.2377024654461046,"(-0.24, 0.24)",True
T2,-0.7200224213698633,0.7200224213698633,"(-0.72, 0.72)",True
