parameter,limmin,limmax,limminmax,limitCalc_succeeded
S0,-29.56761008394141,29.56761008394141,"(-29.57, 29.57)",True
S1,-51.14998287747054,51.14998287747054,"(-51.15, 51.15)",True
M0,-0.7426655022251052,0.7426655022251052,"(-0.74, 0.74)",True
M1,-4.966693414866847,4.966693414866847,"(-4.97, 4.97)",True
M6,-1.4853310044502104,1.4853310044502104,"(-1.49, 1.49)",True
M7,-8.632788532727513,8.632788532727513,"(-8.63, 8.63)",True
T0,-0.25080899899996584,0.250808998999965,"(-0.25, 0.25)",True
T1,-0.17809172806850596,0.17809172806850596,"(-0.18, 0.18)",True
T2,-0.46578137518776475,0.46578137518776475,"(-0.47, 0.47)",True
