parameter,limmin,limmax,limminmax,limitCalc_succeeded
S0,-122.5392049134751,122.5392049134751,"(-122.54, 122.54)",True
S1,0,0,"(0.00, 0.00)",False
M0,-41.778019872025766,41.778019872025766,"(-41.78, 41.78)",True
M1,-50.8138526368986,50.8138526368986,"(-50.81, 50.81)",True
M6,-83.55603974405153,83.55603974405153,"(-83.56, 83.56)",True
M7,-74.2956582350994,74.2956582350994,"(-74.30, 74.30)",True
T0,-1.9080761159115496,1.9080761159115511,"(-1.91, 1.91)",True
T1,-0.6900814664487785,0.6900814664487785,"(-0.69, 0.69)",True
T2,-2.2084319645571377,2.2084319645571377,"(-2.21, 2.21)",True
