parameter,limmin,limmax,limminmax,limitCalc_succeeded
S0,-87.05864820073127,87.05864820073127,"(-87.06, 87.06)",True
S1,-42.494376570769376,42.494376570769376,"(-42.49, 42.49)",True
M0,-1.0219612333020764,1.0219612333020764,"(-1.02, 1.02)",True
M1,-3.3081282014257196,3.3081282014257196,"(-3.31, 3.31)",True
M6,-2.043922466604153,2.043922466604153,"(-2.04, 2.04)",True
M7,-7.485880254215307,7.485880254215307,"(-7.49, 7.49)",True
T0,-0.13657662323872183,0.136576623238723,"(-0.14, 0.14)",True
T1,-0.18578164659390428,0.18578164659390428,"(-0.19, 0.19)",True
T2,-0.48207411022132307,0.48207411022132307,"(-0.48, 0.48)",True
