parameter,limmin,limmax,limminmax,limitCalc_succeeded
S0,-35.30255169925883,35.30255169925883,"(-35.30, 35.30)",True
S1,-124.876193106637,124.876193106637,"(-124.88, 124.88)",True
M0,-11.098733612054913,11.098733612054913,"(-11.10, 11.10)",True
M1,-14.2192638673322,14.2192638673322,"(-14.22, 14.22)",True
M6,-22.197467224109825,22.197467224109825,"(-22.20, 22.20)",True
M7,-20.410546982402632,20.410546982402632,"(-20.41, 20.41)",True
T0,-0.6465988539256086,0.646598853925608,"(-0.65, 0.65)",True
T1,-0.25036345612689936,0.25036345612689936,"(-0.25, 0.25)",True
T2,-0.755701565721268,0.7557015657212678,"(-0.76, 0.76)",True
